LFVP,SAINT PIERRE,France,46.76305555555555,-56.174166666666665
LYPG,PODGORICA,Montenegro,42.35939444444445,19.25187777777778
LYUZ,UZICE/PONIKVE,Serbia,43.90085277777778,19.688813888888888
BKPR,PRISTINA AIRPORT,UNK,42.5728,21.035801
LYTV,TIVAT,Montenegro,42.40466388888889,18.723286111111108
LYVR,VRSAC,Serbia,45.147708333333334,21.30973611111111
LQMO,MOSTAR,Bosnia and Herzegovina,43.28290277777778,17.845880555555553
LRAR,ARAD/ARAD,Romania,46.17666666666666,21.261944444444445
LRBC,BACAU/BACAU,Romania,46.52194444444444,26.910277777777775
LRBM,BAIA MARE/BAIA MARE,Romania,47.658249999999995,23.466219444444445
LRBS,BUCURESTI/BANEASA-AUREL VLAICU,Romania,44.50361111111111,26.103611111111114
EGYP,MOUNT PLEASANT,United Kingdom of Great Britain and Northern Ireland,-51.82178888888889,-58.45611111111111
EBAW,ANTWERPEN/DEURNE,Belgium,51.18944444444444,4.460277777777778
EBBE,BEAUVECHAIN (MIL),Belgium,50.75783333333333,4.767
EBBL,KLEINE BROGEL (MIL),Belgium,51.16833333333333,5.469833333333334
EBBR,BRUSSELS/BRUSSELS-NATIONAL,Belgium,50.90138888888889,4.484444444444445
EBCI,CHARLEROI/BRUSSELS SOUTH,Belgium,50.46,4.452777777777778
EBCV,CHIEVRES (MIL),Belgium,50.575833333333335,3.831
EBDT,DIEST/SCHAFFEN (MIL),Belgium,50.9991667,5.0655556
EBFN,KOKSIJDE (MIL),Belgium,51.090333333333334,2.652833333333333
EBFS,FLORENNES (MIL),Belgium,50.24333333333333,4.645833333333333
EBLG,LIEGE/LIEGE,Belgium,50.63638888888889,5.442777777777778
EBOS,OOSTENDE-BRUGGE/OOSTENDE,Belgium,51.19888888888889,2.8622222222222224
EDAC,LEIPZIG-ALTENBURG AIRPORT,Germany,50.98181666666667,12.506361111111111
EDAH,HERINGSDORF,Germany,53.878705555555555,14.152347222222222
EDBC,MAGDEBURG/COCHSTEDT,Germany,51.85592777777778,11.418008333333333
EDDB,BERLIN-SCHOENEFELD,Germany,52.36224722222222,13.500672222222223
EDDC,DRESDEN,Germany,51.134344444444444,13.768
EDDE,ERFURT-WEIMAR,Germany,50.97981111111111,10.958105555555555
EDDF,FRANKFURT/MAIN,Germany,50.03330555555556,8.570455555555556
EDDG,MUENSTER/OSNABRUECK,Germany,52.13464166666667,7.684830555555556
EDDH,HAMBURG,Germany,53.63038888888889,9.988227777777777
EDDK,KOELN/BONN,Germany,50.86591666666667,7.142744444444445
EDDL,DUESSELDORF,Germany,51.280924999999996,6.757311111111111
EDDM,MUENCHEN,Germany,48.35378333333333,11.78608611111111
EDDN,NUERNBERG,Germany,49.4987,11.078008333333333
EDDP,LEIPZIG/HALLE,Germany,51.423991666666666,12.236383333333333
EDDR,SAARBRUECKEN,Germany,49.21455277777778,7.109508333333333
EDDS,STUTTGART,Germany,48.689877777777774,9.221963888888888
EDDT,BERLIN-TEGEL,Germany,52.559686111111105,13.287711111111111
EDDV,HANNOVER,Germany,52.460213888888894,9.683522222222223
EDDW,BREMEN,Germany,53.047399999999996,8.786747222222223
EDFE,FRANKFURT-EGELSBACH,Germany,49.96082222222223,8.641461111111111
EDFH,FRANKFURT-HAHN,Germany,49.94867222222222,7.263891666666667
EDFM,MANNHEIM CITY,Germany,49.47270555555556,8.51426388888889
EDGS,SIEGERLAND,Germany,50.707658333333335,8.082969444444444
EDHK,KIEL-HOLTENAU,Germany,54.379469444444446,10.145147222222223
EDHL,LUEBECK-BLANKENSEE,Germany,53.805366666666664,10.719222222222223
EDJA,MEMMINGEN,Germany,47.988822222222225,10.239483333333332
EDLN,MOENCHENGLADBACH,Germany,51.23027777777778,6.504444444444444
EDLP,PADERBORN/LIPPSTADT,Germany,51.614088888888894,8.616316666666666
EDLV,NIEDERRHEIN,Germany,51.60241388888889,6.142172222222222
EDLW,DORTMUND,Germany,51.51831388888889,7.612241666666666
EDMA,AUGSBURG,Germany,48.42515833333333,10.931763888888888
EDMO,OBERPFAFFENHOFEN,Germany,48.081363888888895,11.283066666666668
EDNY,FRIEDRICHSHAFEN,Germany,47.67131666666666,9.511486111111111
EDOP,SCHWERIN-PARCHIM,Germany,53.42699722222222,11.783436111111111
EDQM,HOF-PLAUEN,Germany,50.28883611111111,11.854919444444445
EDRZ,ZWEIBRUECKEN,Germany,49.209525,7.400647222222222
EDSB,KARLSRUHE/BADEN-BADEN,Germany,48.779352777777774,8.080499999999999
EDTL,LAHR,Germany,48.36925,7.827722222222222
EDVE,BRAUNSCHWEIG-WOLFSBURG,Germany,52.319361111111114,10.55888888888889
EDVK,KASSEL-CALDEN,Germany,51.420791666666666,9.392158333333333
EDXW,SYLT,Germany,54.91163611111111,8.34238611111111
ETAD,SPANGDAHLEM AB,Germany,49.97654166666667,6.698508333333334
ETAR,RAMSTEIN AB,Germany,49.43690833333333,7.600311111111111
ETEB,ANSBACH AHP,Germany,49.308166666666665,10.638666666666666
ETHA,ALTENSTADT,Germany,47.83551666666667,10.871252777777778
ETHB,BUECKEBURG,Germany,52.2785,9.082166666666666
ETHC,CELLE,Germany,52.591166666666666,10.022166666666667
ETHE,RHEINE-BENTLAGE,Germany,52.29116666666666,7.387019444444445
ETHF,FRITZLAR,Germany,51.114583333333336,9.28586111111111
ETHL,LAUPHEIM,Germany,48.22016666666667,9.910166666666667
ETHN,NIEDERSTETTEN,Germany,49.39183333333333,9.958166666666665
ETHS,FASSBERG,Germany,52.91937222222222,10.183847222222223
ETIC,GRAFENWOEHR AAF,Germany,49.69868611111111,11.940175
ETIH,HOHENFELS AAF,Germany,49.2165,11.836166666666667
ETIK,ILLESHEIM AHP,Germany,49.4738889,10.3877778
ETMN,NORDHOLZ,Germany,53.76766666666666,8.6585
ETNH,HOHN,Germany,54.3122,9.538144444444445
ETNL,LAAGE,Germany,53.918166666666664,12.279333333333334
ETNN,NOERVENICH,Germany,50.83116666666667,6.658166666666667
ETNS,SCHLESWIG,Germany,54.45935,9.516361111111111
ETNT,WITTMUNDHAFEN,Germany,53.547913888888885,7.667400000000001
ETNW,WUNSTORF,Germany,52.45733333333334,9.427166666666666
ETOU,WIESBADEN AAF,Germany,50.04982777777778,8.325436111111111
ETSA,LANDSBERG/LECH,Germany,48.07054166666667,10.906016666666668
ETSB,BUECHEL,Germany,50.173833333333334,7.0633333333333335
ETSH,HOLZDORF,Germany,51.767833333333336,13.167666666666666
ETSI,INGOLSTADT/MANCHING,Germany,48.71566666666667,11.533666666666667
ETSL,LECHFELD,Germany,48.18543611111111,10.861136111111112
ETSN,NEUBURG,Germany,48.711000000000006,11.2115
ETWM,MEPPEN,Germany,52.72316666666667,7.326333333333333
EEKA,KARDLA,Estonia,58.990833333333335,22.830833333333334
EEKE,KURESSAARE,Estonia,58.230000000000004,22.509444444444444
EEPU,PARNU,Estonia,58.41888888888889,24.472777777777775
EETN,LENNART MERI TALLINN,Estonia,59.413333333333334,24.8325
EETU,TARTU,Estonia,58.3075,26.686944444444446
EFET,ENONTEKIO,Finland,68.36444444444444,23.427500000000002
EFHA,HALLI,Finland,61.85638888888889,24.789166666666667
EFHF,HELSINKI-MALMI,Finland,60.25388888888889,25.04416666666667
EFHK,HELSINKI-VANTAA,Finland,60.31722222222223,24.96333333333333
EFIV,IVALO,Finland,68.61083333333333,27.413888888888888
EFJO,JOENSUU,Finland,62.65888888888889,29.624444444444446
EFJY,JYVASKYLA,Finland,62.40083333333333,25.672777777777778
EFKA,KAUHAVA,Finland,63.12416666666667,23.05138888888889
EFKE,KEMI-TORNIO,Finland,65.77916666666667,24.584722222222222
EFKK,KOKKOLA-PIETARSAARI,Finland,63.72027777777778,23.139166666666664
EFKS,KUUSAMO,Finland,65.99027777777778,29.231944444444444
EFKT,KITTILA,Finland,67.69861111111112,24.848055555555554
EFKU,KUOPIO,Finland,63.00861111111111,27.794444444444448
EFLP,LAPPEENRANTA,Finland,61.045833333333334,28.148611111111112
EFMA,MARIEHAMN,Finland,60.121944444444445,19.89638888888889
EFMI,MIKKELI,Finland,61.686388888888885,27.2
EFOU,OULU,Finland,64.92916666666667,25.355555555555558
EFPO,PORI,Finland,61.46138888888889,21.797777777777778
EFRO,ROVANIEMI,Finland,66.56166666666667,25.830833333333334
EFSA,SAVONLINNA,Finland,61.94277777777778,28.945
EFSI,SEINAJOKI,Finland,62.69361111111111,22.831944444444446
EFTP,TAMPERE-PIRKKALA,Finland,61.415277777777774,23.587777777777777
EFTU,TURKU,Finland,60.514722222222225,22.261666666666667
EFUT,UTTI,Finland,60.896388888888886,26.938055555555557
EFVA,VAASA,Finland,63.04527777777778,21.764166666666668
EFVR,VARKAUS,Finland,62.17111111111111,27.86861111111111
EGAA,BELFAST/ALDERGROVE,United Kingdom of Great Britain and Northern Ireland,54.6575,-6.215833333333333
EGAC,BELFAST/CITY,United Kingdom of Great Britain and Northern Ireland,54.61805555555556,-5.8725000000000005
EGAE,LONDONDERRY/EGLINTON,United Kingdom of Great Britain and Northern Ireland,55.04277777777778,-7.161944444444445
EGBB,BIRMINGHAM,United Kingdom of Great Britain and Northern Ireland,52.453855555555556,-1.7480277777777777
EGEC,CAMPBELTOWN,United Kingdom of Great Britain and Northern Ireland,55.4375,-5.688055555555556
EGBE,COVENTRY,United Kingdom of Great Britain and Northern Ireland,52.36981111111111,-1.4796805555555557
EGBJ,GLOUCESTERSHIRE,United Kingdom of Great Britain and Northern Ireland,51.89416666666666,-2.167222222222222
EGCC,MANCHESTER,United Kingdom of Great Britain and Northern Ireland,53.35388888888889,-2.275
EGCN,DONCASTER SHEFFIELD,United Kingdom of Great Britain and Northern Ireland,53.47528333333334,-1.0041361111111111
EGHQ,NEWQUAY,United Kingdom of Great Britain and Northern Ireland,50.44083333333333,-4.995277777777778
EGDM,BOSCOMBE DOWN,United Kingdom of Great Britain and Northern Ireland,51.153308333333335,-1.751011111111111
EGDR,CULDROSE,United Kingdom of Great Britain and Northern Ireland,50.08539722222223,-5.254072222222222
EGDX,ST ATHAN,United Kingdom of Great Britain and Northern Ireland,51.40475277777777,-3.435752777777778
EGDY,YEOVILTON,United Kingdom of Great Britain and Northern Ireland,51.008269444444444,-2.6454916666666666
EGEO,OBAN,United Kingdom of Great Britain and Northern Ireland,56.46361111111111,-5.4
EGFF,CARDIFF,United Kingdom of Great Britain and Northern Ireland,51.39666666666667,-3.3433333333333333
EGGD,BRISTOL,United Kingdom of Great Britain and Northern Ireland,51.382669444444446,-2.7191
EGGP,LIVERPOOL,United Kingdom of Great Britain and Northern Ireland,53.33361111111111,-2.8497222222222223
EGGW,LONDON LUTON,United Kingdom of Great Britain and Northern Ireland,51.874722222222225,-0.3683333333333333
EGHH,BOURNEMOUTH,United Kingdom of Great Britain and Northern Ireland,50.78,-1.8425000000000002
EGHI,SOUTHAMPTON,United Kingdom of Great Britain and Northern Ireland,50.95027777777778,-1.3566666666666667
EGJA,ALDERNEY,United Kingdom of Great Britain and Northern Ireland,49.70675833333333,-2.214480555555556
EGJB,GUERNSEY,United Kingdom of Great Britain and Northern Ireland,49.43493055555555,-2.6028000000000002
EGJJ,JERSEY,United Kingdom of Great Britain and Northern Ireland,49.207952777777784,-2.195525
EGKA,SHOREHAM,United Kingdom of Great Britain and Northern Ireland,50.83555555555556,-0.2972222222222222
EGKB,BIGGIN HILL,United Kingdom of Great Britain and Northern Ireland,51.33083333333334,0.0325
EGKK,LONDON GATWICK,United Kingdom of Great Britain and Northern Ireland,51.14805555555556,-0.19027777777777777
EGLC,LONDON/CITY,United Kingdom of Great Britain and Northern Ireland,51.50527777777778,0.05527777777777778
EGLF,FARNBOROUGH,United Kingdom of Great Britain and Northern Ireland,51.275277777777774,-0.7775000000000001
EGLL,LONDON HEATHROW,United Kingdom of Great Britain and Northern Ireland,51.4775,-0.4613888888888889
EGMC,SOUTHEND,United Kingdom of Great Britain and Northern Ireland,51.57027777777778,0.6933333333333334
EGMD,LYDD,United Kingdom of Great Britain and Northern Ireland,50.95611111111111,0.9391666666666667
EGNH,BLACKPOOL,United Kingdom of Great Britain and Northern Ireland,53.77166666666667,-3.028611111111111
EGNJ,HUMBERSIDE,United Kingdom of Great Britain and Northern Ireland,53.574444444444445,-0.35083333333333333
EGNM,LEEDS BRADFORD,United Kingdom of Great Britain and Northern Ireland,53.866025,-1.6607694444444443
EGNR,HAWARDEN,United Kingdom of Great Britain and Northern Ireland,53.17805555555555,-2.977777777777778
EGNS,ISLE OF MAN,United Kingdom of Great Britain and Northern Ireland,54.083333333333336,-4.623333333333334
EGNT,NEWCASTLE,United Kingdom of Great Britain and Northern Ireland,55.03792222222222,-1.6898027777777778
EGNV,DURHAM TEES VALLEY,United Kingdom of Great Britain and Northern Ireland,54.509166666666665,-1.4294444444444445
EGNX,EAST MIDLANDS,United Kingdom of Great Britain and Northern Ireland,52.83111111111111,-1.3277777777777777
EGOS,SHAWBURY,United Kingdom of Great Britain and Northern Ireland,52.793625,-2.6679388888888886
EGOV,VALLEY,United Kingdom of Great Britain and Northern Ireland,53.24816666666667,-4.535333333333333
EGOW,WOODVALE,United Kingdom of Great Britain and Northern Ireland,53.581575,-3.0555277777777774
EGPA,KIRKWALL,United Kingdom of Great Britain and Northern Ireland,58.95805555555556,-2.9005555555555556
EGPB,SUMBURGH,United Kingdom of Great Britain and Northern Ireland,59.88138888888889,-1.2938888888888889
EGPC,WICK,United Kingdom of Great Britain and Northern Ireland,58.45888888888889,-3.093055555555556
EGPD,ABERDEEN/DYCE,United Kingdom of Great Britain and Northern Ireland,57.2025,-2.1980555555555554
EGPE,INVERNESS,United Kingdom of Great Britain and Northern Ireland,57.5425,-4.0475
EGPF,GLASGOW,United Kingdom of Great Britain and Northern Ireland,55.871944444444445,-4.433055555555556
EGPH,EDINBURGH,United Kingdom of Great Britain and Northern Ireland,55.95,-3.3725
EGPI,ISLAY,United Kingdom of Great Britain and Northern Ireland,55.68333333333333,-6.259722222222222
EGPK,PRESTWICK,United Kingdom of Great Britain and Northern Ireland,55.50944444444445,-4.594444444444444
EGPL,BENBECULA,United Kingdom of Great Britain and Northern Ireland,57.480555555555554,-7.363888888888889
EGPM,SCATSTA,United Kingdom of Great Britain and Northern Ireland,60.43277777777777,-1.296111111111111
EGPN,DUNDEE,United Kingdom of Great Britain and Northern Ireland,56.4525,-3.0258333333333334
EGPO,STORNOWAY,United Kingdom of Great Britain and Northern Ireland,58.21555555555556,-6.3311111111111105
EGPU,TIREE,United Kingdom of Great Britain and Northern Ireland,56.49916666666667,-6.8691666666666675
EGQK,KINLOSS,United Kingdom of Great Britain and Northern Ireland,57.6494444,-3.5605556
EGQL,LEUCHARS,United Kingdom of Great Britain and Northern Ireland,56.37266666666667,-2.8685
EGQM,BOULMER  (MOD),United Kingdom of Great Britain and Northern Ireland,55.42,-1.6008333
EGQS,LOSSIEMOUTH,United Kingdom of Great Britain and Northern Ireland,57.705025000000006,-3.3391361111111113
EGSC,CAMBRIDGE,United Kingdom of Great Britain and Northern Ireland,52.205000000000005,0.175
EGSH,NORWICH,United Kingdom of Great Britain and Northern Ireland,52.67583333333333,1.2827777777777778
EGSS,LONDON STANSTED,United Kingdom of Great Britain and Northern Ireland,51.885,0.23500000000000001
EGTC,CRANFIELD,United Kingdom of Great Britain and Northern Ireland,52.07222222222222,-0.6166666666666667
EGTE,EXETER,United Kingdom of Great Britain and Northern Ireland,50.73429166666667,-3.413811111111111
EGUB,BENSON,United Kingdom of Great Britain and Northern Ireland,51.61503888888889,-1.0958472222222222
EGUL,LAKENHEATH,United Kingdom of Great Britain and Northern Ireland,52.40940277777778,0.5610111111111111
EGUN,MILDENHALL,United Kingdom of Great Britain and Northern Ireland,52.36193333333333,0.48640833333333333
EGUO,COLERNE,United Kingdom of Great Britain and Northern Ireland,51.44107777777777,-2.2790805555555553
EGUW,WATTISHAM,United Kingdom of Great Britain and Northern Ireland,52.127027777777776,0.9554138888888889
EGVA,FAIRFORD,United Kingdom of Great Britain and Northern Ireland,51.68351944444444,-1.7899916666666666
EGVN,BRIZE NORTON,United Kingdom of Great Britain and Northern Ireland,51.74998611111111,-1.5829472222222223
EGVO,ODIHAM,United Kingdom of Great Britain and Northern Ireland,51.23419166666667,-0.9428083333333334
EGVP,MIDDLE WALLOP,United Kingdom of Great Britain and Northern Ireland,51.14935833333333,-1.57025
EGWU,NORTHOLT,United Kingdom of Great Britain and Northern Ireland,51.55271388888889,-0.41959722222222223
EGXC,CONINGSBY,United Kingdom of Great Britain and Northern Ireland,53.09316666666667,-0.16611666666666666
EGXD,DISHFORTH,United Kingdom of Great Britain and Northern Ireland,54.136852777777776,-1.4199694444444446
EGXE,LEEMING,United Kingdom of Great Britain and Northern Ireland,54.29252777777778,-1.5353944444444443
EGXP,SCAMPTON,United Kingdom of Great Britain and Northern Ireland,53.307944444444445,-0.5508194444444445
EGXS,DONNA NOOK (MOD),United Kingdom of Great Britain and Northern Ireland,53.1486111,-0.6844444
EGXT,WITTERING,United Kingdom of Great Britain and Northern Ireland,52.613055555555555,-0.4759055555555556
EGXU,LINTON-ON-OUSE,United Kingdom of Great Britain and Northern Ireland,54.049391666666665,-1.2530972222222223
EGXV,LECONFIELD,United Kingdom of Great Britain and Northern Ireland,53.8772222,-0.4355556
EGXW,WADDINGTON,United Kingdom of Great Britain and Northern Ireland,53.16616111111111,-0.523838888888889
EGXZ,TOPCLIFFE,United Kingdom of Great Britain and Northern Ireland,54.20562777777778,-1.381625
EGYD,CRANWELL,United Kingdom of Great Britain and Northern Ireland,53.02973333333333,-0.49275277777777776
EGYM,MARHAM,United Kingdom of Great Britain and Northern Ireland,52.648405555555556,0.5506722222222222
EHAM,AMSTERDAM/SCHIPHOL,Netherlands,52.308055555555555,4.764166666666667
EHBK,MAASTRICHT/MAASTRICHT AACHEN,Netherlands,50.91583333333333,5.776944444444444
EHDL,ARNHEM/DEELEN,Netherlands,52.05972777777777,5.871936111111111
EHEH,EINDHOVEN/EINDHOVEN,Netherlands,51.45,5.374444444444444
EHGG,GRONINGEN/EELDE,Netherlands,53.125,6.583333333333333
EHGR,BREDA/GILZE-RIJEN,Netherlands,51.56737777777778,4.931836111111111
EHKD,DEN HELDER/DE KOOY,Netherlands,52.92361111111111,4.780555555555556
EHLW,LEEUWARDEN/LEEUWARDEN,Netherlands,53.22527222222222,5.752533333333333
EHRD,ROTTERDAM/ROTTERDAM,Netherlands,51.956944444444446,4.437222222222222
EHVK,UDEN/VOLKEL,Netherlands,51.65720833333333,5.707825000000001
EHVL,VLIEHORS,Netherlands,53.25,4.9166667
EHWO,BERGEN OP ZOOM/WOENSDRECHT,Netherlands,51.449,4.342141666666667
EHFS,VLISSINGEN,Netherlands,51.4486111,3.6022222
EICK,CORK,Ireland,51.84138888888889,-8.49111111111111
EIDL,DONEGAL,Ireland,55.04416666666666,-8.341111111111111
EIDW,DUBLIN,Ireland,53.421388888888885,-6.27
EIKN,IRELAND WEST,Ireland,53.91027777777778,-8.81861111111111
EIKY,KERRY,Ireland,52.18083333333333,-9.523888888888889
EIME,CASEMENT,Ireland,53.30305555555555,-6.455277777777778
EINN,SHANNON,Ireland,52.70197777777778,-8.924816666666667
EISG,SLIGO,Ireland,54.280277777777776,-8.599166666666667
EIWF,WATERFORD,Ireland,52.18722222222222,-7.086944444444444
EKAH,AARHUS,Denmark,56.300016666666664,10.619008333333333
EKBI,BILLUND,Denmark,55.740322222222225,9.151777777777777
EKCH,KOBENHAVN/KASTRUP,Denmark,55.617916666666666,12.655972222222223
EKEB,ESBJERG,Denmark,55.52594166666667,8.553402777777778
EKGC,GORM C (PRIVATE HELIDECK),Denmark,55.5797222,4.7588889
EKHA,HALFDAN A (PRIVATE HELIDECKS),Denmark,55.5188889,5.0011111
EKHD,HARALD (PRIVATE HELIDECK),Denmark,56.3441667,4.2719444
EKHR,HORNS REV  A (PRIVATE HELIDECK),Denmark,55.5088889,7.875
EKKA,KARUP (MIL),Denmark,56.29745833333333,9.124627777777778
EKOD,ODENSE,Denmark,55.47666388888889,10.330933333333332
EKRK,KOBENHAVN/ROSKILDE,Denmark,55.58556666666667,12.131427777777779
EKRN,BORNHOLM/RONNE,Denmark,55.063266666666664,14.759558333333333
EKSB,SONDERBORG,Denmark,54.96436666666667,9.791730555555555
EKSP,VOJENS/SKRYDSTRUP (MIL),Denmark,55.22555277777778,9.263930555555556
EKTE,TYRA E (PRIVATE HELIDECK),Denmark,55.7213889,4.8019444
EKVD,KOLDING/VAMDRUP,Denmark,55.43628333333333,9.330925
EKVG,VAGAR,Denmark,62.063627777777775,-7.2772194444444445
EKYT,AALBORG (CIV/MIL),Denmark,57.09278888888889,9.849163888888889
ELLX,LUXEMBOURG/LUXEMBOURG,Luxembourg,49.623333333333335,6.204444444444444
ENAL,ALESUND/VIGRA,Norway,62.5625,6.119722222222221
ENAN,ANDOYA/ANDENES,Norway,69.2925,16.144166666666667
ENAT,ALTA,Norway,69.97611111111111,23.371666666666666
ENBL,FORDE/BRINGELAND,Norway,61.39111111111111,5.756944444444445
ENBN,BRONNOYSUND/BRONNOY,Norway,65.46111111111111,12.2175
ENBO,BODO,Norway,67.26916666666666,14.365277777777777
ENBR,BERGEN/FLESLAND,Norway,60.29361111111111,5.218055555555556
ENBS,BATSFJORD,Norway,70.60027777777778,29.6925
ENBV,BERLEVAG,Norway,70.87138888888889,29.034166666666668
ENCN,KRISTIANSAND/KJEVIK,Norway,58.20388888888889,8.085
ENDR,DRAUGEN,Norway,64.3555556,7.7916667
ENDU,BARDUFOSS,Norway,69.05583333333333,18.540277777777778
ENEK,EKOFISK H,Norway,56.55,3.25
ENEV,HARSTAD/NARVIK/EVENES,Norway,68.4888888888889,16.678333333333335
ENFB,STATFJORD B,Norway,59.8955553333333,10.6172226666667
ENFG,FAGERNES/LEIRIN,Norway,61.01555555555556,9.288055555555555
ENFL,FLORO,Norway,61.58361111111111,5.0247222222222225
ENGM,OSLO/GARDERMOEN,Norway,60.20277777777778,11.08388888888889
ENHD,HAUGESUND/KARMOY,Norway,59.343333333333334,5.2125
ENHE,HEIDRUN TLP,Norway,65.325,2.3266667
ENHF,HAMMERFEST,Norway,70.67972222222222,23.66861111111111
ENHK,HASVIK,Norway,70.48666666666666,22.139722222222222
ENHV,HONNINGSVAG/VALAN,Norway,71.00972222222222,25.983611111111113
ENKB,KRISTIANSUND/KVERNBERGET,Norway,63.11194444444445,7.826111111111111
ENKR,KIRKENES/HOYBUKTMOEN,Norway,69.72500000000001,29.887777777777778
ENLA,ULA,Norway,59.1108333,2.8458333
ENLK,LEKNES,Norway,68.1525,13.609444444444444
ENMH,MEHAMN,Norway,71.02972222222222,27.826666666666668
ENML,MOLDE/ARO,Norway,62.74472222222222,7.2625
ENMS,MOSJOEN/KJAERSTAD,Norway,65.78361111111111,13.215277777777777
ENNA,LAKSELV/BANAK,Norway,70.06666666666666,24.973888888888887
ENNK,NARVIK/FRAMNES,Norway,68.43694444444445,17.386666666666667
ENNM,NAMSOS,Norway,64.47222222222223,11.57861111111111
ENNO,NOTODDEN/TUVEN,Norway,59.565555555555555,9.212222222222222
ENOA,OSEBERG A,Norway,60.4916667,2.8252778
ENOL,ORLAND,Norway,63.69916666666666,9.60388888888889
ENOV,ORSTA-VOLDA/HOVDEN,Norway,62.18,6.074166666666667
ENQA,TROLL A,Norway,60.645,3.7247222
ENQC,TROLL C,Norway,60.8858333,3.6097222
ENRA,MO I RANA/ROSSVOLL,Norway,66.36388888888888,14.301388888888889
ENRM,RORVIK/RYUM,Norway,64.83833333333332,11.14611111111111
ENRO,ROROS,Norway,62.57888888888889,11.345
ENRS,ROST,Norway,67.52777777777777,12.103333333333333
ENRY,MOSS/RYGGE,Norway,59.37888888888889,10.785555555555556
ENSB,SVALBARD/LONGYEAR,Norway,78.2461111111111,15.465555555555556
ENSD,SANDANE/ANDA,Norway,61.830000000000005,6.105833333333333
ENSF,STATFJORD A,Norway,61.2166667,1.8333333
ENSG,SOGNDAL/HAUKASEN,Norway,61.15611111111111,7.137777777777778
ENSH,SVOLVAER/HELLE,Norway,68.24333333333334,14.669166666666666
ENSK,STOKMARKNES/SKAGEN,Norway,68.58083333333333,15.026111111111112
ENSL,SLEIPNER A,Norway,58.3666667,1.9069444
ENSN,SKIEN/GEITERYGGEN,Norway,59.184999999999995,9.566944444444443
ENSO,STORD/SORSTOKKEN,Norway,59.79277777777778,5.339722222222222
ENSR,SORKJOSEN,Norway,69.78666666666666,20.959722222222222
ENSS,VARDO/SVARTNES,Norway,70.35527777777777,31.045
ENST,SANDNESSJOEN/STOKKA,Norway,65.95971388888888,12.472216666666666
ENTC,TROMSO/LANGNES,Norway,69.68138888888889,18.91777777777778
ENTO,SANDEFJORD/TORP,Norway,59.18666666666666,10.258611111111112
ENVA,TRONDHEIM/VAERNES,Norway,63.4575,10.924166666666666
ENVD,VADSO,Norway,70.06527777777778,29.84472222222222
ENVH,VALHALL A,Norway,56.2780556,3.3927778
ENZV,STAVANGER/SOLA,Norway,58.876666666666665,5.637777777777777
EPBY,BYDGOSZCZ/SZWEDEROWO,Poland,53.09666666666667,17.977777777777778
EPGD,GDANSK IM LECHA WALESY,Poland,54.3775,18.46611111111111
EPKK,KRAKOW/BALICE,Poland,50.07777777777778,19.784722222222225
EPKT,KATOWICE/PYRZOWICE,Poland,50.47416666666667,19.08
EPLB,LUBLIN,Poland,51.24027777777778,22.71361111111111
EPLL,LODZ/LUBLINEK,Poland,51.721944444444446,19.398055555555555
EPMO,WARSZAWA/MODLIN,Poland,52.45111111111111,20.651944444444442
EPPO,POZNAN/LAWICA,Poland,52.42111111111111,16.82638888888889
EPRZ,RZESZOW/JASIONKA,Poland,50.11,22.01888888888889
EPSC,SZCZECIN/GOLENIOW,Poland,53.584722222222226,14.902222222222223
EPWA,CHOPINA W WARSZAWIE,Poland,52.16583333333333,20.96722222222222
EPWR,WROCLAW/STRACHOWICE,Poland,51.10277777777778,16.885833333333334
EPZG,ZIELONA GORA/BABIMOST,Poland,52.13861111111111,15.79861111111111
ESCF,LINKOPING/MALMEN,Sweden,58.397777777777776,15.522777777777778
ESTA,ANGELHOLM,Sweden,56.29111111111111,12.855
ESDF,RONNEBY,Sweden,56.266666666666666,15.265
ESGG,GOTEBORG/LANDVETTER,Sweden,57.66,12.29111111111111
ESGJ,JONKOPING,Sweden,57.75833333333333,14.069166666666666
ESGP,GOTEBORG/SAVE,Sweden,57.775555555555556,11.870555555555557
ESGR,SKOVDE,Sweden,58.45611111111111,13.972777777777777
ESGT,TROLLHATTAN-VANERSBORG,Sweden,58.31805555555556,12.345
ESIB,SATENAS,Sweden,58.428469444444445,12.711236111111111
ESKN,STOCKHOLM/SKAVSTA,Sweden,58.78861111111111,16.90361111111111
ESMK,KRISTIANSTAD,Sweden,55.92055555555555,14.085277777777778
ESMQ,KALMAR,Sweden,56.68555555555555,16.2875
ESMS,MALMO,Sweden,55.54833333333333,13.353333333333333
ESMT,HALMSTAD,Sweden,56.69083333333333,12.82
ESMX,VAXJO/KRONOBERG,Sweden,56.930277777777775,14.72888888888889
ESNG,GALLIVARE,Sweden,67.13305555555554,20.81222222222222
ESNK,KRAMFORS-SOLLEFTEA,Sweden,63.04861111111111,17.76888888888889
ESNL,LYCKSELE,Sweden,64.5475,18.717777777777776
ESNN,SUNDSVALL-TIMRA,Sweden,62.529444444444444,17.442777777777778
ESNO,ORNSKOLDSVIK,Sweden,63.407777777777774,18.9925
ESNQ,KIRUNA,Sweden,67.82126111111111,20.335591666666666
ESNS,SKELLEFTEA,Sweden,64.62472222222222,21.076944444444443
ESNU,UMEA,Sweden,63.793055555555554,20.279999999999998
ESNX,ARVIDSJAUR,Sweden,65.59027777777777,19.281944444444445
ESOE,OREBRO,Sweden,59.22805555555556,15.04
ESOK,KARLSTAD,Sweden,59.44472222222222,13.3375
ESOW,STOCKHOLM/VASTERAS,Sweden,59.589444444444446,16.63361111111111
ESPA,LULEA/KALLAX,Sweden,65.54333333333334,22.12361111111111
ESNZ,ARE OSTERSUND,Sweden,63.19444444444444,14.500277777777777
ESPE,VIDSEL,Sweden,65.87527777777777,20.15
ESSA,STOCKHOLM/ARLANDA,Sweden,59.651944444444446,17.91861111111111
ESSB,STOCKHOLM/BROMMA,Sweden,59.35444444444445,17.942222222222224
ESSD,BORLANGE,Sweden,60.42222222222222,15.515
ESSL,LINKOPING/SAAB,Sweden,58.406388888888884,15.679722222222221
ESSP,NORRKOPING/KUNGSANGEN,Sweden,58.586111111111116,16.24638888888889
ESSV,VISBY,Sweden,57.66277777777778,18.34611111111111
ESTL,LJUNGBYHED,Sweden,56.08527777777778,13.206944444444444
ESUD,STORUMAM,Sweden,64.96083333333334,17.696666666666665
ESUT,HEMAVAN TARNABY,Sweden,65.80611111111111,15.082777777777778
EYKA,KAUNAS INTL,Lithuania,54.96388888888889,24.084722222222222
EYPA,PALANGA/INTERNATIONAL,Lithuania,55.973333333333336,21.093888888888888
EYSA,SIAULIAI/INTERNATIONAL,Lithuania,55.89388888888889,23.395
EYVI,VILNIUS/INTERNATIONAL,Lithuania,54.636944444444445,25.28777777777778
LATI,TIRANA,Albania,41.414722222222224,19.720555555555553
LBBG,BURGAS,Bulgaria,42.57027777777778,27.51527777777778
LBGO,GORNA ORYAHOVITSA,Bulgaria,43.151666666666664,25.711944444444445
LBPD,PLOVDIV,Bulgaria,42.06777777777778,24.850833333333334
LBSF,SOFIA,Bulgaria,42.69499999999999,23.40833333333333
LBWN,VARNA,Bulgaria,43.231944444444444,27.825277777777778
LCLK,LARNAKA/INTL,Cyprus,34.87888888888889,33.63027777777778
LCPH,PAFOS/INTL,Cyprus,34.718333333333334,32.485
LCRA,AKROTIRI MIL,Cyprus,34.59037222222222,32.98778055555556
LDDU,DUBROVNIK/CILIPI,Croatia,42.56135277777778,18.268244444444445
LDLO,LOSINJ/LOSINJ I.,Croatia,44.56590555555555,14.393188888888888
LDOS,OSIJEK/KLISA,Croatia,45.46266666666667,18.810155555555557
LDPL,PULA,Croatia,44.89353333333333,13.922191666666667
LDRI,RIJEKA/KRK I,Croatia,45.21688888888889,14.570266666666667
LDSB,BRAC/BRAC I.,Croatia,43.285719444444446,16.679719444444444
LDSP,SPLIT/KASTELA,Croatia,43.53894444444444,16.29796388888889
LDZA,ZAGREB/PLESO,Croatia,45.74293055555555,16.06877777777778
LDZD,ZADAR/ZEMUNIK,Croatia,44.108269444444446,15.346697222222224
LEAB,ALBACETE,Spain,38.948611111111106,-1.8633333333333335
LEAL,ALICANTE-ELCHE,Spain,38.282222222222224,-0.5580555555555556
LEAM,ALMERIA,Spain,36.84388888888889,-2.37
LEAO,CIUDAD REAL/ALMAGRO (HEL MILITAR),Spain,38.9533333,-3.7413889
LEAS,ASTURIAS,Spain,43.56361111111111,-6.034722222222222
LEBA,CORDOBA,Spain,37.841944444444444,-4.848888888888888
LEBB,BILBAO,Spain,43.301111111111105,-2.9105555555555553
LEBG,BURGOS,Spain,42.3575,-3.613611111111111
LEBL,BARCELONA/EL PRAT,Spain,41.29694444444444,2.0783333333333336
LEBZ,BADAJOZ,Spain,38.89138888888889,-6.8213888888888885
LECO,A CORUNA,Spain,43.301944444444445,-8.377222222222223
LECV,MADRID-COLMENAR VIEJO (HEL MILITAR),Spain,40.6458333,-3.7358333
LEGA,GRANADA/ARMILLA (MILITAR),Spain,37.13333333333333,-3.6358333333333333
LEGE,GIRONA,Spain,41.90083333333333,2.7605555555555554
LEGR,GRANADA/FEDERICO GARCIA LORCA GRANADA-JAEN,Spain,37.18861111111111,-3.777222222222222
LEGT,MADRID/GETAFE,Spain,40.29416666666666,-3.7236111111111114
LEHC,HUESCA/PIRINEOS,Spain,42.08083333333334,-0.3233333333333333
LEIB,IBIZA,Spain,38.87277777777778,1.3730555555555557
LEJR,JEREZ,Spain,36.74472222222222,-6.06
LELC,MURCIA/SAN JAVIER,Spain,37.775,-0.8125
LELL,SABADELL,Spain,41.520833333333336,2.105
LELN,LEON,Spain,42.58861111111111,-5.6561111111111115
LELO,LOGRONO/AGONCILLO (MILITAR),Spain,42.45416666666667,-2.3208333333333333
LEMD,MADRID/ADOLFO SUAREZ MADRID-BARAJAS,Spain,40.47222222222222,-3.560833333333333
LEMG,MALAGA/COSTA DEL SOL,Spain,36.675,-4.4991666666666665
LEMH,MENORCA,Spain,39.862500000000004,4.2186111111111115
LEMO,SEVILLA/MORON (MILITAR),Spain,37.175,-5.616111111111111
LEPA,PALMA DE MALLORCA,Spain,39.55166666666666,2.738888888888889
LEPP,PAMPLONA,Spain,42.769999999999996,-1.646388888888889
LERI,MURCIA/ALCANTARILLA (MILITAR),Spain,37.952222222222225,-1.2308333333333334
LERS,REUS,Spain,41.1475,1.1672222222222224
LERT,CADIZ/ROTA (BASE AERO-NAVAL),Spain,36.64527777777778,-6.349444444444444
LESA,SALAMANCA,Spain,40.95194444444445,-5.501944444444445
LESO,SAN SEBASTIAN,Spain,43.35638888888889,-1.7905555555555555
LEST,SANTIAGO,Spain,42.896388888888886,-8.415277777777778
LETL,TERUEL,Spain,40.411944444444444,-1.2175
LETO,MADRID/TORREJON,Spain,40.49666666666667,-3.4458333333333337
LEVC,VALENCIA,Spain,39.489444444444445,-0.4816666666666667
LEVD,VALLADOLID,Spain,41.70611111111111,-4.851944444444444
LEVS,MADRID/CUATRO VIENTOS (MIL),Spain,40.3705556,-3.7852778
LEVT,VITORIA,Spain,42.882777777777775,-2.7244444444444444
LEVX,VIGO,Spain,42.22916666666667,-8.627500000000001
LEXJ,SANTANDER/SEVE BALLESTEROS-SANTANDER,Spain,43.426944444444445,-3.82
LEZG,ZARAGOZA,Spain,41.66611111111111,-1.0416666666666667
LEZL,SEVILLA,Spain,37.418055555555554,-5.898888888888888
LFAQ,ALBERT-BRAY,France,49.97,2.6925000000000003
LFAT,LE TOUQUET-COTE D'OPALE,France,50.514722222222225,1.6275
LFBA,AGEN-LA GARENNE,France,44.17472222222222,0.5905555555555556
LFBC,CAZAUX; CAZAUX CCER,France,44.535,-1.131388888888889
LFBD,BORDEAUX-MERIGNAC,France,44.828611111111115,-0.7152777777777777
LFBE,BERGERAC-ROUMANIERE,France,44.824444444444445,0.5205555555555557
LFBG,COGNAC-CHATEAUBERNARD,France,45.65833333333333,-0.3175
LFBH,LA ROCHELLE-ILE DE RE,France,46.17916666666667,-1.1952777777777779
LFBI,POITIERS-BIARD,France,46.587500000000006,0.30666666666666664
LFBL,LIMOGES-BELLEGARDE,France,45.86083333333333,1.1802777777777778
LFBM,MONT-DE-MARSAN,France,43.91138888888889,-0.5094444444444445
LFBO,TOULOUSE-BLAGNAC ; TOULOUSE/CCER,France,43.635,1.3677777777777778
LFBP,PAU-PYRENEES,France,43.38,-0.41861111111111116
LFBT,TARBES LOURDES PYRENEES,France,43.18555555555555,-0.002777777777777778
LFBU,ANGOULEME-BRIE-CHAMPNIERS,France,45.72944444444445,0.21916666666666668
LFBY,DAX-SEYRESSE,France,43.689166666666665,-1.0688888888888888
LFBZ,BIARRITZ-PAYS BASQUE,France,43.468333333333334,-1.531111111111111
LFCK,CASTRES MAZAMET,France,43.555,2.2905555555555552
LFCR,RODEZ-AVEYRON,France,44.4075,2.4833333333333334
LFGJ,DOLE-TAVAUX,France,47.04277777777778,5.4350000000000005
LFJL,METZ NANCY-LORRAINE,France,48.97833333333333,6.246666666666667
LFJR,ANGERS MARCE,France,47.56027777777778,-0.31222222222222223
LFKB,BASTIA-PORETTA,France,42.55,9.48472222222222
LFKC,CALVI-SAINTE-CATHERINE,France,42.52444444444444,8.793055555555556
LFKF,FIGARI-SUD-CORSE,France,41.50222222222222,9.096666666666668
LFKJ,AJACCIO-NAPOLEON-BONAPARTE,France,41.92388888888889,8.8025
LFKS,SOLENZARA,France,41.926288888888884,9.405302777777779
LFLB,CHAMBERY-AIX-LES-BAINS,France,45.63916666666667,5.880000000000001
LFLC,CLERMONT-FERRAND-AUVERGNE CLERMONT CCER,France,45.78611111111111,3.1625
LFLL,LYON SAINT-EXUPERY,France,45.72555555555556,5.0811111111111105
LFLN,SAINT-YAN,France,46.406388888888884,4.021111111111111
LFLP,ANNECY-MEYTHET,France,45.93083333333333,6.106388888888889
LFLS,GRENOBLE-ISERE,France,45.363055555555555,5.332777777777777
LFLW,AURILLAC,France,44.8975,2.4166666666666665
LFLX,CHATEAUROUX-DEOLS,France,46.86027777777778,1.7211111111111113
LFLY,LYON-BRON,France,45.72944444444445,4.938888888888889
LFMC,LE LUC-LE CANNET,France,43.38472222222222,6.3869444444444445
LFMD,CANNES-MANDELIEU,France,43.546388888888885,6.954166666666667
LFMH,SAINT-ETIENNE-LOIRE,France,45.534166666666664,4.2972222222222225
LFMI,ISTRES-LE TUBE; ISTRES CCER,France,43.522394444444444,4.924236111111111
LFMK,CARCASSONNE-SALVAZA,France,43.215833333333336,2.308611111111111
LFML,MARSEILLE-PROVENCE,France,43.43666666666666,5.215
LFMN,NICE-COTE D'AZUR,France,43.665277777777774,7.215
LFMO,ORANGE-CARITAT,France,44.14008888888889,4.868580555555556
LFMP,PERPIGNAN RIVESALTES,France,42.740833333333335,2.8697222222222223
LFMT,MONTPELLIER MEDITERRANEE,France,43.583333333333336,3.961388888888889
LFMU,BEZIERS-VIAS,France,43.32333333333334,3.3533333333333335
LFMV,AVIGNON-CAUMONT,France,43.906666666666666,4.901944444444445
LFMY,SALON DE PROVENCE,France,43.60290833333333,5.1081666666666665
LFOA,AVORD,France,47.05694444444444,2.638888888888889
LFOB,BEAUVAIS-TILLE,France,49.45444444444445,2.112777777777778
LFOC,CHATEAUDUN,France,48.05777777777777,1.3794444444444445
LFOE,EVREUX-FAUVILLE,France,49.02861111111111,1.2200000000000002
LFOH,LE HAVRE-OCTEVILLE,France,49.53388888888889,0.08805555555555555
LFOJ,ORLEANS-BRICY,France,47.98777777777778,1.7605555555555557
LFOK,CHALONS-VATRY,France,48.77333333333333,4.206111111111111
LFOP,ROUEN-VALLEE DE SEINE,France,49.39083333333333,1.183888888888889
LFOT,TOURS VAL DE LOIRE,France,47.43194444444444,0.7230555555555556
LFOV,LAVAL-ENTRAMMES,France,48.032222222222224,-0.7427777777777778
LFPB,PARIS-LE BOURGET,France,48.96944444444445,2.441388888888889
LFPC,CREIL,France,49.25361111111111,2.5191666666666666
LFPG,PARIS-CHARLES DE GAULLE,France,49.00972222222222,2.5477777777777777
LFPM,MELUN-VILLAROCHE,France,48.60527777777778,2.6708333333333334
LFPN,TOUSSUS-LE-NOBLE,France,48.749722222222225,2.111111111111111
LFPO,PARIS-ORLY,France,48.723333333333336,2.3794444444444447
LFPT,PONTOISE-CORMEILLES-EN-VEXIN,France,49.09666666666667,2.040833333333333
LFPV,VILLACOUBLAY-VELIZY,France,48.774166666666666,2.1913888888888886
LFQA,REIMS-PRUNAY,France,49.20861111111111,4.156666666666667
LFQB,TROYES-BARBEREY,France,48.32166666666667,4.016666666666667
LFQG,NEVERS-FOURCHAMBAULT,France,47.00361111111111,3.1108333333333333
LFQQ,LILLE-LESQUIN,France,50.56333333333333,3.0869444444444447
LFRB,BREST-BRETAGNE,France,48.447222222222216,-4.421666666666667
LFRC,CHERBOURG-MAUPERTUS,France,49.65083333333333,-1.475277777777778
LFRD,DINARD PLEURTUIT SAINT MALO,France,48.58777777777778,-2.08
LFRG,DEAUVILLE-NORMANDIE,France,49.36333333333334,0.16
LFRH,LORIENT-LANN-BIHOUE,France,47.760555555555555,-3.4400000000000004
LFRI,LA ROCHE SUR YON LES AJONCS,France,46.7025,-1.3816666666666666
LFRJ,LANDIVISIAU,France,48.530277777777776,-4.151666666666667
LFRK,CAEN-CARPIQUET,France,49.17333333333333,-0.45
LFRL,LANVEOC-POULMIC,France,48.2825,-4.443611111111111
LFRM,LE MANS-ARNAGE,France,47.948611111111106,0.2016666666666667
LFRN,RENNES SAINT JACQUES,France,48.07194444444445,-1.7322222222222223
LFRO,LANNION,France,48.754444444444445,-3.4719444444444445
LFRQ,QUIMPER-PLUGUFFAN,France,47.975,-4.167777777777778
LFRS,NANTES ATLANTIQUE,France,47.15694444444444,-1.607777777777778
LFRT,SAINT BRIEUC ARMOR,France,48.5375,-2.856666666666667
LFRV,VANNES-MEUCON,France,47.719166666666666,-2.7233333333333336
LFRZ,SAINT-NAZAIRE-MONTOIR,France,47.31055555555555,-2.1566666666666667
LFSB,BALE-MULHOUSE,France,47.59,7.529166666666667
LFSD,DIJON-LONGVIC,France,47.26583333333333,5.095
LFSI,SAINT-DIZIER-ROBINSON,France,48.63361111111111,4.908055555555556
LFSL,BRIVE SOUILLAC,France,45.03972222222222,1.4855555555555555
LFSN,NANCY-ESSEY,France,48.69222222222222,6.226111111111111
LFSO,NANCY-OCHEY,France,48.58318611111111,5.954525
LFST,STRASBOURG-ENTZHEIM,France,48.54194444444444,7.634444444444444
LFSX,LUXEUIL SAINT SAUVEUR,France,47.78722222222222,6.364999999999999
LFTH,HYERES-LE PALYVESTRE,France,43.09722222222222,6.146111111111112
LFTW,NIMES-GARONS,France,43.7575,4.416388888888889
LFYR,ROMORANTIN-PRUNIERS,France,47.32083333333334,1.6888888888888889
LGAD,ANDRAVIDA,Greece,37.92527777777777,21.29138888888889
LGAL,ALEXANDROUPOLIS/DIMOKRITOS,Greece,40.85583333333334,25.95611111111111
LGAV,ATHINAI/ELEFTHERIOS VENIZELOS,Greece,37.936699999999995,23.9445
LGBL,ALMIROS/NEA ANCHIALOS,Greece,39.21944444444445,22.794444444444448
LGEL,ELEFSIS,Greece,38.069500000000005,23.554166666666667
LGHI,CHIOS/OMIROS,Greece,38.343333333333334,26.140555555555554
LGIR,IRAKLION/NIKOS KAZANTZAKIS,Greece,35.33972222222222,25.18027777777778
LGKC,KITHIRA/ALEXANDROS ARISTOTELOUS ONASSIS,Greece,36.274166666666666,23.016666666666666
LGKF,KEFALLINIA/ANNA POLLATOU,Greece,38.12,20.500555555555554
LGKL,KALAMATA,Greece,37.068333333333335,22.025277777777777
LGKO,KOS/IPPOKRATIS,Greece,36.79472222222222,27.09111111111111
LGKP,KARPATHOS,Greece,35.42111111111111,27.145833333333332
LGKR,KERKIRA/IOANNIS KAPODISTRIAS,Greece,39.60194444444445,19.91222222222222
LGKV,KAVALA/MEGAS ALEXANDROS,Greece,40.913888888888884,24.619722222222222
LGKZ,KOZANI/FILIPPOS,Greece,40.28583333333333,21.841666666666665
LGLM,LIMNOS/IFAISTOS,Greece,39.91722222222222,25.23638888888889
LGMK,MIKONOS,Greece,37.43722222222222,25.34722222222222
LGMT,MITILINI/ODYSSEAS ELYTIS,Greece,39.05777777777777,26.59861111111111
LGNX,NAXOS,Greece,37.08111111111111,25.368055555555557
LGPA,PAROS,Greece,37.01027777777778,25.128055555555555
LGPZ,PREVEZA/AKTION,Greece,38.925555555555555,20.765
LGRP,RODOS/DIAGORAS,Greece,36.405277777777776,28.08611111111111
LGRX,ARAXOS,Greece,38.151111111111106,21.425555555555558
LGSA,CHANIA/IOANNIS DASKALOGIANNIS,Greece,35.53138888888889,24.15111111111111
LGSK,SKIATHOS/ALEXANDROS PAPADIAMANDIS,Greece,39.177499999999995,23.503611111111113
LGSM,SAMOS/ARISTARCHOS OF SAMOS,Greece,37.689166666666665,26.91222222222222
LGSO,SYROS/DIMITRIOS VIKELAS,Greece,37.42305555555555,24.95
LGSR,SANTORINI,Greece,36.399166666666666,25.479166666666664
LGTS,THESSALONIKI/MAKEDONIA,Greece,40.51972222222222,22.970916666666664
LGZA,ZAKINTHOS/DIONISIOS SOLOMOS,Greece,37.75111111111111,20.884166666666665
LGIO,IOANNINA/KING PYRROS,Greece,39.697222222222216,20.821944444444444
LHBC,BEKESCSABA,Hungary,46.68333333333333,21.162499999999998
LHBP,BUDAPEST LISZT FERENC INTERNATIONAL AIRPORT,Hungary,47.43944444444444,19.261944444444445
LHDC,DEBRECEN,Hungary,47.48888888888889,21.61527777777778
LHKE,KECSKEMET,Hungary,46.9175,19.749166666666667
LHPA,PAPA,Hungary,47.36398611111111,17.500569444444444
LHPP,PECS/POGANY,Hungary,45.98916666666667,18.242222222222225
LHPR,GYOR/PER,Hungary,47.62722222222222,17.808333333333334
LHSM,HEVIZ/BALATON,Hungary,46.686388888888885,17.159166666666664
LHSN,SZOLNOK,Hungary,47.12277777777778,20.235555555555557
LHUD,SZEGED,Hungary,46.25083333333333,20.089166666666664
LIBC,CROTONE,Italy,38.99666666666667,17.079166666666666
LIBD,BARI/PALESE,Italy,41.13805555555555,16.765
LIBF,FOGGIA/GINO LISA,Italy,41.43333333333333,15.534722222222221
LIBG,TARANTO/GROTTAGLIE,Italy,40.51722222222222,17.399722222222223
LIBN,LECCE/GALATINA (MIL),Italy,40.23922777777778,18.133325
LIBP,PESCARA,Italy,42.43722222222222,14.187222222222223
LIBR,BRINDISI/CASALE,Italy,40.660555555555554,17.948055555555555
LIBV,GIOIA DEL COLLE (MIL),Italy,40.7697,16.933016666666667
LIBY,SANTA MARIA DI LEUCA,Italy,39.8166667,18.35
LICA,LAMEZIA TERME,Italy,38.90833333333333,16.241666666666667
LICB,COMISO,Italy,36.99583333333334,14.608888888888888
LICC,CATANIA/FONTANAROSSA,Italy,37.46666666666667,15.06388888888889
LICD,LAMPEDUSA,Italy,35.49805555555556,12.618333333333334
LICG,PANTELLERIA (MIL),Italy,36.81305555555555,11.960833333333333
LICJ,PALERMO/PUNTA RAISI,Italy,38.18194444444444,13.099444444444446
LICR,REGGIO CALABRIA,Italy,38.07194444444445,15.653611111111111
LICT,TRAPANI/BIRGI (MIL),Italy,37.912058333333334,12.493438888888887
LICZ,CATANIA/SIGONELLA (MIL),Italy,37.40588888888889,14.923908333333333
LIEA,ALGHERO/FERTILIA,Italy,40.63111111111111,8.288611111111111
LIEB,CAPO BELLAVISTA,Italy,39.9333333,9.7166667
LIED,DECIMOMANNU (MIL),Italy,39.35385,8.971725
LIEE,CAGLIARI/ELMAS,Italy,39.24722222222222,9.056111111111111
LIEO,OLBIA/COSTA SMERALDA,Italy,40.89861111111111,9.517777777777779
LIMA,TORINO/AERITALIA,Italy,45.08444444444444,7.603055555555555
LIMC,MILANO/MALPENSA,Italy,45.63,8.723055555555556
LIME,BERGAMO/ORIO AL SERIO,Italy,45.66888888888889,9.700277777777776
LIMF,TORINO/CASELLE,Italy,45.2025,7.649444444444444
LIMG,ALBENGA,Italy,44.045833333333334,8.125555555555556
LIMH,PIAN ROSA',Italy,45.9333333,7.7
LIMJ,GENOVA/SESTRI,Italy,44.413333333333334,8.8375
LIMK,TORINO/BRIC DELLA CROCE,Italy,45.0333333,7.7333333
LIML,MILANO/LINATE,Italy,45.44944444444444,9.278333333333334
LIMP,PARMA,Italy,44.82222222222222,10.295277777777777
LIMS,PIACENZA/S.DAMIANO (MIL),Italy,44.91386388888889,9.72058611111111
LIMT,PASSO DELLA CISA,Italy,44.4333333,9.9333333
LIMU,CAPO MELE,Italy,43.95,8.1666667
LIMY,MONDOVI' (MIL),Italy,44.25,7.8
LIMZ,CUNEO/LEVALDIGI,Italy,44.5475,7.623055555555556
LIPB,BOLZANO,Italy,46.46027777777778,11.32638888888889
LIPC,CERVIA (MIL),Italy,44.22176666666667,12.317561111111111
LIPE,BOLOGNA/BORGO PANIGALE,Italy,44.530833333333334,11.296944444444444
LIPF,FERRARA,Italy,44.81583333333333,11.613333333333333
LIPH,TREVISO/S.ANGELO,Italy,45.65083333333333,12.197777777777778
LIPO,BRESCIA/MONTICHIARI,Italy,45.428888888888885,10.330555555555556
LIPQ,TRIESTE/RONCHI DEI LEGIONARI,Italy,45.8275,13.472222222222223
LIPR,RIMINI/MIRAMARE,Italy,44.019444444444446,12.609444444444444
LIPS,TREVISO/ISTRANA (MIL.),Italy,45.684866666666665,12.082880555555555
LIPU,PADOVA,Italy,45.39611111111111,11.848055555555556
LIPX,VERONA/VILLAFRANCA,Italy,45.396388888888886,10.887777777777778
LIPY,ANCONA/FALCONARA,Italy,43.61666666666667,13.360277777777778
LIPZ,VENEZIA/TESSERA,Italy,45.50527777777778,12.351944444444444
LIQC,CAPRI/ANACAPRI DAMECUTA,Italy,40.5586111,14.2013889
LIQN,RIETI,Italy,42.42666666666666,12.85
LIQO,MONTE ARGENTARIO,Italy,42.3833333,11.1666667
LIRA,ROMA/CIAMPINO,Italy,41.79944444444444,12.597222222222223
LIRE,PRATICA DI MARE (MIL),Italy,41.659372222222224,12.445155555555555
LIRF,ROMA/FIUMICINO,Italy,41.80027777777777,12.238888888888889
LIRH,FROSINONE (MIL),Italy,41.644925,13.299022222222222
LIRI,SALERNO/PONTECAGNANO,Italy,40.62,14.9125
LIRK,MONTE TERMINILLO,Italy,42.4666667,12.9833333
LIRL,LATINA (MIL),Italy,41.546905555555554,12.90826388888889
LIRM,GRAZZANISE (MIL),Italy,41.06199722222222,14.082688888888889
LIRN,NAPOLI/CAPODICHINO,Italy,40.88444444444444,14.290833333333333
LIRP,PISA/S. GIUSTO (MIL),Italy,43.68277777777777,10.395555555555555
LIRQ,FIRENZE/PERETOLA,Italy,43.808611111111105,11.202777777777778
LIRS,GROSSETO (MIL),Italy,42.75972222222222,11.071944444444444
LIRT,TREVICO,Italy,41.05,15.2333333
LIRU,ROMA/URBE,Italy,41.95194444444445,12.500833333333333
LIRV,VITERBO (MIL),Italy,42.430277777777775,12.064166666666667
LIRX,MONTE CALAMITA,Italy,42.7308333,10.3952778
LIRZ,PERUGIA/S. FRANCESCO,Italy,43.09722222222222,12.510277777777778
LIVC,MONTE CIMONE,Italy,44.2,10.7
LIVD,DOBBIACO (MIL),Italy,46.7333333,12.2166667
LIVE,S. VALENTINO ALLA MUTA (MIL),Italy,46.8333333,10.5
LIVF,FRONTONE,Italy,43.5166667,12.7333333
LIVO,TARVISIO,Italy,46.5,13.5833333
LIVP,PAGANELLA,Italy,46.15,11.0333333
LIVR,PASSO ROLLE,Italy,46.3,11.7833333
LIVT,TRIESTE,Italy,45.8266666666667,13.4722226666667
LJCE,CERKLJE OB KRKI,Slovenia,45.9,15.530277777777778
LJLJ,LJUBLJANA/BRNIK,Slovenia,46.224444444444444,14.45611111111111
LJMB,MARIBOR/OREHOVA VAS,Slovenia,46.480000000000004,15.686111111111112
LJPZ,PORTOROZ/SECOVLJE,Slovenia,45.473333333333336,13.615
LKCV,CASLAV,Czech Republic,49.939563888888884,15.381933333333334
LKKB,KBELY,Czech Republic,50.12136666666667,14.543641666666666
LKLN,PLZEN/LINE,Czech Republic,49.67527777777777,13.274444444444445
LKKU,KUNOVICE,Czech Republic,49.029444444444444,17.439722222222223
LKKV,KARLOVY VARY,Czech Republic,50.20305555555556,12.915000000000001
LKMT,OSTRAVA/MOSNOV,Czech Republic,49.69611111111111,18.110833333333336
LKNA,NAMEST,Czech Republic,49.16620833333333,16.124383333333334
LKPD,PARDUBICE,Czech Republic,50.01345833333333,15.73857222222222
LKPR,PRAHA/RUZYNE,Czech Republic,50.100833333333334,14.26
LKTB,BRNO/TURANY,Czech Republic,49.15138888888889,16.69388888888889
LZIB,BRATISLAVA/M.R.STEFANIK,Slovakia,48.169999999999995,17.212777777777777
LZTT,POPRAD-TATRY,Slovakia,49.07361111111111,20.241111111111113
LZKZ,KOSICE,Slovakia,48.66305555555555,21.241111111111113
LZPP,PIESTANY,Slovakia,48.625,17.828611111111112
LZSL,SLIAC,Slovakia,48.63805555555555,19.134166666666665
LZZI,ZILINA,Slovakia,49.233333333333334,18.613611111111112
LLBG,TEL-AVIV/BEN GURION AIRPORT,Israel,32.00944444444445,34.885555555555555
LLET,EILAT/J. HOZMAN AIRPORT,Israel,29.558333333333334,34.95888888888889
LLHA,HAIFA/U. MICHAELI AIRPORT,Israel,32.80833333333333,35.04277777777778
LLIB,ROSH-PINA AIRPORT,Israel,32.9811111,35.5719444
LLSD,TEL-AVIV/SDE-DOV AIRPORT,Israel,32.11416666666667,34.78194444444444
LMML,LUQA AIRPORT,Malta,35.85754166666667,14.477438888888889
LOAN,WR. NEUSTADT/OST,Austria,47.843333333333334,16.260277777777777
LOAV,VOSLAU,Austria,47.964444444444446,16.259444444444444
LOIH,HOHENEMS-DORNBIRN,Austria,47.38444444444444,9.699722222222222
LOWG,GRAZ,Austria,46.99305555555556,15.439166666666667
LOWI,INNSBRUCK,Austria,47.26027777777778,11.34388888888889
LOWK,KLAGENFURT,Austria,46.64277777777778,14.337222222222223
LOWL,LINZ,Austria,48.23527777777778,14.188055555555556
LOWS,SALZBURG,Austria,47.794444444444444,13.003333333333334
LOWW,WIEN-SCHWECHAT,Austria,48.11027777777778,16.56972222222222
LOWZ,ZELL AM SEE,Austria,47.29222222222222,12.7875
LOXZ,ZELTWEG MIL,Austria,47.203611111111115,14.745833333333332
LPAZ,SANTA MARIA,Portugal,36.973888888888894,-25.171111111111113
LPBJ,BEJA,Portugal,38.07888888888889,-7.9325
LPFL,FLORES,Portugal,39.45805555555556,-31.13222222222222
LPFR,FARO,Portugal,37.01444444444444,-7.965833333333333
LPHR,HORTA,Portugal,38.519999999999996,-28.71638888888889
LPLA,LAJES,Portugal,38.761944444444445,-27.090833333333332
LPMA,MADEIRA,Portugal,32.69416666666666,-16.778055555555554
LPMR,MONTE REAL,Portugal,39.82833333333333,-8.8875
LPMT,MONTIJO,Portugal,38.705000000000005,-9.0375
LPOV,OVAR,Portugal,40.92027777777778,-8.643888888888888
LPPD,PONTA DELGADA,Portugal,37.74194444444444,-25.697777777777777
LPPR,PORTO,Portugal,41.23555555555556,-8.678055555555554
LPPS,PORTO SANTO,Portugal,33.07083333333334,-16.349722222222223
LPPT,LISBOA,Portugal,38.774166666666666,-9.134166666666665
LPST,SINTRA,Portugal,38.83416666666667,-9.341111111111111
LQBK,BANJA LUKA,Bosnia and Herzegovina,44.94139722222222,17.297475000000002
LQSA,SARAJEVO,Bosnia and Herzegovina,43.82447222222223,18.331766666666667
LQTZ,TUZLA,Bosnia and Herzegovina,44.45865277777778,18.724780555555554
LYBE,BEOGRAD/NIKOLA TESLA,Serbia,44.819383333333334,20.307066666666667
LYBT,BEOGRAD/BATAJNICA,Serbia,44.941002777777776,20.25072777777778
LYKV,KRALJEVO/LADJEVCI,Serbia,43.81810277777778,20.586091666666665
LYNI,NIS/KONSTANTIN VELIKI,Serbia,43.33728888888889,21.853722222222224
LRCK,CONSTANTA/MIHAIL KOGALNICEANU-CONSTANTA,Romania,44.36222222222222,28.488333333333333
LRCL,CLUJ NAPOCA/AVRAM IANCU,Romania,46.78916666666667,23.692222222222224
LRCV,CRAIOVA/CRAIOVA,Romania,44.31805555555556,23.88861111111111
LRIA,IASI/IASI,Romania,47.180277777777775,27.620833333333334
LROD,ORADEA/ORADEA,Romania,47.025277777777774,21.9025
LROP,BUCURESTI/HENRI COANDA,Romania,44.571111111111115,26.084999999999997
LRSB,SIBIU/SIBIU,Romania,45.78583333333333,24.085555555555555
LRSM,SATU MARE/SATU MARE,Romania,47.70333333333333,22.885555555555555
LRSV,SUCEAVA/STEFAN CEL MARE-SUCEAVA,Romania,47.686388888888885,26.354444444444447
LRTC,TULCEA/DELTA DUNARII,Romania,45.062777777777775,28.714444444444442
LRTM,TARGU MURES/TRANSILVANIA-TARGU MURES,Romania,46.467777777777776,24.412499999999998
LRTR,TIMISOARA/TRAIAN VUIA,Romania,45.80983333333333,21.33787222222222
LSGC,LES EPLATURES,Switzerland,47.08416666666667,6.793611111111111
LSGG,GENEVA,Switzerland,46.23833333333334,6.109444444444444
LSGS,SION,Switzerland,46.219166666666666,7.326944444444444
LSMD,DUBENDORF,Switzerland,47.396966666666664,8.647191666666666
LSME,EMMEN,Switzerland,47.09215277777778,8.304847222222223
LSMP,PAYERNE,Switzerland,46.8425,6.913611111111112
LSZA,LUGANO,Switzerland,46.00361111111111,8.910277777777779
LSZB,BERN-BELP,Switzerland,46.91222222222222,7.4991666666666665
LSZC,BUOCHS,Switzerland,46.974444444444444,8.396944444444443
LSZG,GRENCHEN,Switzerland,47.18138888888889,7.416388888888889
LSZH,ZURICH,Switzerland,47.45805555555556,8.548055555555555
LSZL,LOCARNO,Switzerland,46.16083333333333,8.87861111111111
LSZR,ST. GALLEN-ALTENRHEIN,Switzerland,47.485,9.561944444444444
LSZS,SAMEDAN,Switzerland,46.53444444444444,9.883888888888889
LTAC,ANKARA/ESENBOGA,Turkey,40.128055555555555,32.995
LTAD,ANKARA/ETIMESGUT (MIL),Turkey,39.95166666666667,32.6875
LTAE,ANKARA/AKINCI (MIL),Turkey,40.07888888888889,32.565555555555555
LTAF,ADANA,Turkey,36.98222222222223,35.280277777777776
LTAG,ADANA/INCIRLIK (MIL),Turkey,37.00205555555556,35.425975
LTAI,ANTALYA (MIL-CIV),Turkey,36.900277777777774,30.79277777777778
LTAJ,GAZIANTEP,Turkey,36.94777777777777,37.47888888888889
LTAL,KASTAMONU,Turkey,41.316944444444445,33.79611111111111
LTAN,KONYA (MIL-CIV),Turkey,37.980555555555554,32.5625
LTAP,AMASYA/MERZIFON (MIL-CIV),Turkey,40.82944444444445,35.52222222222222
LTAR,SIVAS/NURI DEMIRAG ,Turkey,39.814166666666665,36.902499999999996
LTAS,ZONGULDAK/CAYCUMA,Turkey,41.50694444444444,32.08972222222222
LTAT,MALATYA (MIL/CIV),Turkey,38.43222222222222,38.08305555555556
LTAU,KAYSERI (MIL-CIV),Turkey,38.77027777777778,35.49527777777778
LTAW,TOKAT,Turkey,40.31166666666666,36.37361111111111
LTAY,DENIZLI/CARDAK (MIL-CIV),Turkey,37.78777777777778,29.705
LTAZ,KAPADOKYA,Turkey,38.775277777777774,34.526666666666664
LTBA,ISTANBUL/ATATURK,Turkey,40.976111111111116,28.81416666666667
LTBF,BALIKESIR/MERKEZ (MIL-CIV),Turkey,39.61555555555556,27.93277777777778
LTBH,CANAKKALE (MIL-CIV),Turkey,40.138333333333335,26.42777777777778
LTBJ,IZMIR/ADNAN MENDERES,Turkey,38.28916666666667,27.154999999999998
LTBL,IZMIR/CIGLI (MIL),Turkey,38.526666666666664,27.01
LTBO,USAK,Turkey,38.68138888888889,29.471666666666664
LTBQ,KOCAELI/CENGIZ TOPEL (MIL-CIV),Turkey,40.735,30.083333333333332
LTBR,BURSA/YENISEHIR (MIL-CIV),Turkey,40.255833333333335,29.561944444444446
LTBS,MUGLA/DALAMAN (MIL.CIV.),Turkey,36.712500000000006,28.79138888888889
LTBU,TEKIRDAG/CORLU (MIL-CIV),Turkey,41.129444444444445,27.906388888888888
LTBY,ESKISEHIR/HASAN POLATKAN,Turkey,39.8125,30.520555555555553
LTCA,ELAZIG (MIL-CIV),Turkey,38.59777777777778,39.28138888888889
LTCC,DIYARBAKIR (MIL-CIV),Turkey,37.8925,40.20111111111111
LTCD,ERZINCAN (MIL-CIV),Turkey,39.713055555555556,39.52055555555555
LTCE,ERZURUM (MIL-CIV),Turkey,39.95583333333334,41.17055555555555
LTCF,KARS/HARAKANI,Turkey,40.56222222222222,43.11472222222223
LTCG,TRABZON,Turkey,40.99583333333334,39.78527777777778
LTCI,VAN/ FERIT MELEN,Turkey,38.46805555555556,43.33222222222223
LTCJ,BATMAN (MIL-CIV),Turkey,37.93222222222222,41.11638888888889
LTCK,MUS (MIL-CIV),Turkey,38.74472222222222,41.66888888888889
LTCM,SINOP,Turkey,42.01583333333333,35.06638888888889
LTCN,KAHRAMANMARAS,Turkey,37.538333333333334,36.95194444444445
LTCO,AGRI/AHMED-I HANI,Turkey,39.6475,43.02861111111111
LTCP,ADIYAMAN,Turkey,37.73222222222223,38.469166666666666
LTCR,MARDIN,Turkey,37.23277777777778,40.64055555555556
LTCS,SANLIURFA/GAP,Turkey,37.45666666666667,38.90833333333333
LTCT,IGDIR,Turkey,39.97555555555556,43.87833333333333
LTCU,BINGOL,Turkey,38.861111111111114,40.5925
LTCV,SIRNAK/SERAFETTIN ELCI,Turkey,37.36388888888889,42.059999999999995
LTDA,HATAY,Turkey,36.37222222222222,36.29861111111111
LTFC,ISPARTA/S.DEMIREL,Turkey,37.85583333333334,30.366944444444446
LTFD,BALIKESIR/KOCA SEYIT,Turkey,39.552499999999995,27.010277777777777
LTFE,MUGLA/MILAS-BODRUM,Turkey,37.24944444444444,27.66472222222222
LTFG,GAZIPASA - ALANYA,Turkey,36.29944444444444,32.30138888888889
LTFH,SAMSUN/CARSAMBA,Turkey,41.26555555555556,36.54861111111111
LTFJ,ISTANBUL/SABIHA GOKCEN,Turkey,40.89833333333333,29.309166666666666
LUKK,CHISINAU/INTERNATIONAL,Republic of Moldova,46.927794444444444,28.93092777777778
LUBL,BALTI/INTERNATIONAL,Republic of Moldova,47.83846666666667,27.780705555555553
LWSK,SKOPJE,The former Yugoslav Republic of Macedonia,41.961666666666666,21.62138888888889
LWOH,OHRID,The former Yugoslav Republic of Macedonia,41.17992222222222,20.742327777777778
LXGB,GIBRALTAR (NORTH FRONT),United Kingdom of Great Britain and Northern Ireland,36.15116666666667,-5.349666666666667
EVLA,LIEPAJA,Latvia,56.5175,21.096944444444443
EVRA,RIGA,Latvia,56.92361111111111,23.97111111111111
EVVA,VENTSPILS,Latvia,57.35777777777778,21.54416666666667
